"URL","Size (KB)"
"https://raviswdev.blogspot.com/2026/03/about-using-dark-reader-extension-while.html","113.85"
"https://raviswdev.blogspot.com/2026/03/notes-on-miscellaneous-stuff.html","111.11"
"https://raviswdev.blogspot.com/2026/03/git-is-not-suitable-for-managing.html","119.12"
"https://raviswdev.blogspot.com/2026/03/discussion-and-analysis-of-dark-reader.html","119.9"
"https://raviswdev.blogspot.com/2026/03/testing-dark-reader-chrome-extension.html","118.74"
"https://raviswdev.blogspot.com/2026/03/identifying-blogger-blog-posts-with.html","115.17"
"https://raviswdev.blogspot.com/2026/03/how-to-copy-paste-gemini-chats-to.html","118.46"
"https://raviswdev.blogspot.com/2026/03/fixing-gemini-chat-to-blogger-compose.html","196.92"
"https://raviswdev.blogspot.com/2026/02/started-blogging-about-my-serious-and.html","121.98"
